{ "username": "c0", "password": "password" }
{ "username": "c1", "password": "password" }
{ "username": "c2", "password": "password" }
{ "username": "c3", "password": "password" }
{ "username": "c4", "password": "password" }
{ "username": "c5", "password": "password" }
{ "username": "c6", "password": "password" }
{ "username": "c7", "password": "password" }
{ "username": "c8", "password": "password" }
{ "username": "c9", "password": "password" }
{ "username": "c10", "password": "password" }
{ "username": "c11", "password": "password" }
{ "username": "c12", "password": "password" }
{ "username": "c13", "password": "password" }
{ "username": "c14", "password": "password" }
{ "username": "c15", "password": "password" }
{ "username": "c16", "password": "password" }
{ "username": "c17", "password": "password" }
{ "username": "c18", "password": "password" }
{ "username": "c19", "password": "password" }
{ "username": "c20", "password": "password" }
{ "username": "c21", "password": "password" }
{ "username": "c22", "password": "password" }
{ "username": "c23", "password": "password" }
{ "username": "c24", "password": "password" }
{ "username": "c25", "password": "password" }
{ "username": "c26", "password": "password" }
{ "username": "c27", "password": "password" }
{ "username": "c28", "password": "password" }
{ "username": "c29", "password": "password" }
{ "username": "c30", "password": "password" }
{ "username": "c31", "password": "password" }
{ "username": "c32", "password": "password" }
{ "username": "c33", "password": "password" }
{ "username": "c34", "password": "password" }
{ "username": "c35", "password": "password" }
{ "username": "c36", "password": "password" }
{ "username": "c37", "password": "password" }
{ "username": "c38", "password": "password" }
{ "username": "c39", "password": "password" }
{ "username": "c40", "password": "password" }
{ "username": "c41", "password": "password" }
{ "username": "c42", "password": "password" }
{ "username": "c43", "password": "password" }
{ "username": "c44", "password": "password" }
{ "username": "c45", "password": "password" }
{ "username": "c46", "password": "password" }
{ "username": "c47", "password": "password" }
{ "username": "c48", "password": "password" }
{ "username": "c49", "password": "password" }
{ "username": "c50", "password": "password" }
{ "username": "c51", "password": "password" }
{ "username": "c52", "password": "password" }
{ "username": "c53", "password": "password" }
{ "username": "c54", "password": "password" }
{ "username": "c55", "password": "password" }
{ "username": "c56", "password": "password" }
{ "username": "c57", "password": "password" }
{ "username": "c58", "password": "password" }
{ "username": "c59", "password": "password" }
{ "username": "c60", "password": "password" }
{ "username": "c61", "password": "password" }
{ "username": "c62", "password": "password" }
{ "username": "c63", "password": "password" }
{ "username": "c64", "password": "password" }
{ "username": "c65", "password": "password" }
{ "username": "c66", "password": "password" }
{ "username": "c67", "password": "password" }
{ "username": "c68", "password": "password" }
{ "username": "c69", "password": "password" }
{ "username": "c70", "password": "password" }
{ "username": "c71", "password": "password" }
{ "username": "c72", "password": "password" }
{ "username": "c73", "password": "password" }
{ "username": "c74", "password": "password" }
{ "username": "c75", "password": "password" }
{ "username": "c76", "password": "password" }
{ "username": "c77", "password": "password" }
{ "username": "c78", "password": "password" }
{ "username": "c79", "password": "password" }
{ "username": "c80", "password": "password" }
{ "username": "c81", "password": "password" }
{ "username": "c82", "password": "password" }
{ "username": "c83", "password": "password" }
{ "username": "c84", "password": "password" }
{ "username": "c85", "password": "password" }
{ "username": "c86", "password": "password" }
{ "username": "c87", "password": "password" }
{ "username": "c88", "password": "password" }
{ "username": "c89", "password": "password" }
{ "username": "c90", "password": "password" }
{ "username": "c91", "password": "password" }
{ "username": "c92", "password": "password" }
{ "username": "c93", "password": "password" }
{ "username": "c94", "password": "password" }
{ "username": "c95", "password": "password" }
{ "username": "c96", "password": "password" }
{ "username": "c97", "password": "password" }
{ "username": "c98", "password": "password" }
{ "username": "c99", "password": "password" }
{ "username": "c100", "password": "password" }
{ "username": "c101", "password": "password" }
{ "username": "c102", "password": "password" }
{ "username": "c103", "password": "password" }
{ "username": "c104", "password": "password" }
{ "username": "c105", "password": "password" }
{ "username": "c106", "password": "password" }
{ "username": "c107", "password": "password" }
{ "username": "c108", "password": "password" }
{ "username": "c109", "password": "password" }
{ "username": "c110", "password": "password" }
{ "username": "c111", "password": "password" }
{ "username": "c112", "password": "password" }
{ "username": "c113", "password": "password" }
{ "username": "c114", "password": "password" }
{ "username": "c115", "password": "password" }
{ "username": "c116", "password": "password" }
{ "username": "c117", "password": "password" }
{ "username": "c118", "password": "password" }
{ "username": "c119", "password": "password" }
{ "username": "c120", "password": "password" }
{ "username": "c121", "password": "password" }
{ "username": "c122", "password": "password" }
{ "username": "c123", "password": "password" }
{ "username": "c124", "password": "password" }
{ "username": "c125", "password": "password" }
{ "username": "c126", "password": "password" }
{ "username": "c127", "password": "password" }
{ "username": "c128", "password": "password" }
{ "username": "c129", "password": "password" }
{ "username": "c130", "password": "password" }
{ "username": "c131", "password": "password" }
{ "username": "c132", "password": "password" }
{ "username": "c133", "password": "password" }
{ "username": "c134", "password": "password" }
{ "username": "c135", "password": "password" }
{ "username": "c136", "password": "password" }
{ "username": "c137", "password": "password" }
{ "username": "c138", "password": "password" }
{ "username": "c139", "password": "password" }
{ "username": "c140", "password": "password" }
{ "username": "c141", "password": "password" }
{ "username": "c142", "password": "password" }
{ "username": "c143", "password": "password" }
{ "username": "c144", "password": "password" }
{ "username": "c145", "password": "password" }
{ "username": "c146", "password": "password" }
{ "username": "c147", "password": "password" }
{ "username": "c148", "password": "password" }
{ "username": "c149", "password": "password" }
{ "username": "c150", "password": "password" }
{ "username": "c151", "password": "password" }
{ "username": "c152", "password": "password" }
{ "username": "c153", "password": "password" }
{ "username": "c154", "password": "password" }
{ "username": "c155", "password": "password" }
{ "username": "c156", "password": "password" }
{ "username": "c157", "password": "password" }
{ "username": "c158", "password": "password" }
{ "username": "c159", "password": "password" }
{ "username": "c160", "password": "password" }
{ "username": "c161", "password": "password" }
{ "username": "c162", "password": "password" }
{ "username": "c163", "password": "password" }
{ "username": "c164", "password": "password" }
{ "username": "c165", "password": "password" }
{ "username": "c166", "password": "password" }
{ "username": "c167", "password": "password" }
{ "username": "c168", "password": "password" }
{ "username": "c169", "password": "password" }
{ "username": "c170", "password": "password" }
{ "username": "c171", "password": "password" }
{ "username": "c172", "password": "password" }
{ "username": "c173", "password": "password" }
{ "username": "c174", "password": "password" }
{ "username": "c175", "password": "password" }
{ "username": "c176", "password": "password" }
{ "username": "c177", "password": "password" }
{ "username": "c178", "password": "password" }
{ "username": "c179", "password": "password" }
{ "username": "c180", "password": "password" }
{ "username": "c181", "password": "password" }
{ "username": "c182", "password": "password" }
{ "username": "c183", "password": "password" }
{ "username": "c184", "password": "password" }
{ "username": "c185", "password": "password" }
{ "username": "c186", "password": "password" }
{ "username": "c187", "password": "password" }
{ "username": "c188", "password": "password" }
{ "username": "c189", "password": "password" }
{ "username": "c190", "password": "password" }
{ "username": "c191", "password": "password" }
{ "username": "c192", "password": "password" }
{ "username": "c193", "password": "password" }
{ "username": "c194", "password": "password" }
{ "username": "c195", "password": "password" }
{ "username": "c196", "password": "password" }
{ "username": "c197", "password": "password" }
{ "username": "c198", "password": "password" }
{ "username": "c199", "password": "password" }
{ "username": "c200", "password": "password" }
{ "username": "c201", "password": "password" }
{ "username": "c202", "password": "password" }
{ "username": "c203", "password": "password" }
{ "username": "c204", "password": "password" }
{ "username": "c205", "password": "password" }
{ "username": "c206", "password": "password" }
{ "username": "c207", "password": "password" }
{ "username": "c208", "password": "password" }
{ "username": "c209", "password": "password" }
{ "username": "c210", "password": "password" }
{ "username": "c211", "password": "password" }
{ "username": "c212", "password": "password" }
{ "username": "c213", "password": "password" }
{ "username": "c214", "password": "password" }
{ "username": "c215", "password": "password" }
{ "username": "c216", "password": "password" }
{ "username": "c217", "password": "password" }
{ "username": "c218", "password": "password" }
{ "username": "c219", "password": "password" }
{ "username": "c220", "password": "password" }
{ "username": "c221", "password": "password" }
{ "username": "c222", "password": "password" }
{ "username": "c223", "password": "password" }
{ "username": "c224", "password": "password" }
{ "username": "c225", "password": "password" }
{ "username": "c226", "password": "password" }
{ "username": "c227", "password": "password" }
{ "username": "c228", "password": "password" }
{ "username": "c229", "password": "password" }
{ "username": "c230", "password": "password" }
{ "username": "c231", "password": "password" }
{ "username": "c232", "password": "password" }
{ "username": "c233", "password": "password" }
{ "username": "c234", "password": "password" }
{ "username": "c235", "password": "password" }
{ "username": "c236", "password": "password" }
{ "username": "c237", "password": "password" }
{ "username": "c238", "password": "password" }
{ "username": "c239", "password": "password" }
{ "username": "c240", "password": "password" }
{ "username": "c241", "password": "password" }
{ "username": "c242", "password": "password" }
{ "username": "c243", "password": "password" }
{ "username": "c244", "password": "password" }
{ "username": "c245", "password": "password" }
{ "username": "c246", "password": "password" }
{ "username": "c247", "password": "password" }
{ "username": "c248", "password": "password" }
{ "username": "c249", "password": "password" }
