{ "username": "pt0", "password": "password" }
{ "username": "pt1", "password": "password" }
{ "username": "pt2", "password": "password" }
{ "username": "pt3", "password": "password" }
{ "username": "pt4", "password": "password" }
{ "username": "pt5", "password": "password" }
{ "username": "pt6", "password": "password" }
{ "username": "pt7", "password": "password" }
{ "username": "pt8", "password": "password" }
{ "username": "pt9", "password": "password" }
{ "username": "pt10", "password": "password" }
{ "username": "pt11", "password": "password" }
{ "username": "pt12", "password": "password" }
{ "username": "pt13", "password": "password" }
{ "username": "pt14", "password": "password" }
{ "username": "pt15", "password": "password" }
{ "username": "pt16", "password": "password" }
{ "username": "pt17", "password": "password" }
{ "username": "pt18", "password": "password" }
{ "username": "pt19", "password": "password" }
{ "username": "pt20", "password": "password" }
{ "username": "pt21", "password": "password" }
{ "username": "pt22", "password": "password" }
{ "username": "pt23", "password": "password" }
{ "username": "pt24", "password": "password" }
{ "username": "pt25", "password": "password" }
{ "username": "pt26", "password": "password" }
{ "username": "pt27", "password": "password" }
{ "username": "pt28", "password": "password" }
{ "username": "pt29", "password": "password" }
