{ "username": "c0", "password": "5e884898da28047151d0e56f8dc6292773603d0d6aabbdd62a11ef721d1542d8" }
{ "username": "c1", "password": "5e884898da28047151d0e56f8dc6292773603d0d6aabbdd62a11ef721d1542d8" }
{ "username": "c2", "password": "5e884898da28047151d0e56f8dc6292773603d0d6aabbdd62a11ef721d1542d8" }
{ "username": "c3", "password": "5e884898da28047151d0e56f8dc6292773603d0d6aabbdd62a11ef721d1542d8" }
{ "username": "c4", "password": "5e884898da28047151d0e56f8dc6292773603d0d6aabbdd62a11ef721d1542d8" }
{ "username": "c5", "password": "5e884898da28047151d0e56f8dc6292773603d0d6aabbdd62a11ef721d1542d8" }
{ "username": "c6", "password": "5e884898da28047151d0e56f8dc6292773603d0d6aabbdd62a11ef721d1542d8" }
{ "username": "c7", "password": "5e884898da28047151d0e56f8dc6292773603d0d6aabbdd62a11ef721d1542d8" }
{ "username": "c8", "password": "5e884898da28047151d0e56f8dc6292773603d0d6aabbdd62a11ef721d1542d8" }
{ "username": "c9", "password": "5e884898da28047151d0e56f8dc6292773603d0d6aabbdd62a11ef721d1542d8" }
