{ "username": "pt0", "password": "5e884898da28047151d0e56f8dc6292773603d0d6aabbdd62a11ef721d1542d8" }
{ "username": "pt1", "password": "5e884898da28047151d0e56f8dc6292773603d0d6aabbdd62a11ef721d1542d8" }
{ "username": "pt2", "password": "5e884898da28047151d0e56f8dc6292773603d0d6aabbdd62a11ef721d1542d8" }
{ "username": "pt3", "password": "5e884898da28047151d0e56f8dc6292773603d0d6aabbdd62a11ef721d1542d8" }
{ "username": "pt4", "password": "5e884898da28047151d0e56f8dc6292773603d0d6aabbdd62a11ef721d1542d8" }
{ "username": "pt5", "password": "5e884898da28047151d0e56f8dc6292773603d0d6aabbdd62a11ef721d1542d8" }
{ "username": "pt6", "password": "5e884898da28047151d0e56f8dc6292773603d0d6aabbdd62a11ef721d1542d8" }
{ "username": "pt7", "password": "5e884898da28047151d0e56f8dc6292773603d0d6aabbdd62a11ef721d1542d8" }
{ "username": "pt8", "password": "5e884898da28047151d0e56f8dc6292773603d0d6aabbdd62a11ef721d1542d8" }
{ "username": "pt9", "password": "5e884898da28047151d0e56f8dc6292773603d0d6aabbdd62a11ef721d1542d8" }
