{"username": "c0", "password": "5e884898da28047151d0e56f8dc6292773603d0d6aabbdd62a11ef721d1542d8", "name": "c0", "email": "c0@gmail.com", "sex": "m", "birthday": "1997-06-19", "height": 190, "weight": 87 }
{"username": "c1", "password": "5e884898da28047151d0e56f8dc6292773603d0d6aabbdd62a11ef721d1542d8", "name": "c1", "email": "c1@gmail.com", "sex": "m", "birthday": "1997-06-19", "height": 190, "weight": 87 }
{"username": "c2", "password": "5e884898da28047151d0e56f8dc6292773603d0d6aabbdd62a11ef721d1542d8", "name": "c2", "email": "c2@gmail.com", "sex": "m", "birthday": "1997-06-19", "height": 190, "weight": 87 }
{"username": "c3", "password": "5e884898da28047151d0e56f8dc6292773603d0d6aabbdd62a11ef721d1542d8", "name": "c3", "email": "c3@gmail.com", "sex": "m", "birthday": "1997-06-19", "height": 190, "weight": 87 }
{"username": "c4", "password": "5e884898da28047151d0e56f8dc6292773603d0d6aabbdd62a11ef721d1542d8", "name": "c4", "email": "c4@gmail.com", "sex": "m", "birthday": "1997-06-19", "height": 190, "weight": 87 }
{"username": "c5", "password": "5e884898da28047151d0e56f8dc6292773603d0d6aabbdd62a11ef721d1542d8", "name": "c5", "email": "c5@gmail.com", "sex": "m", "birthday": "1997-06-19", "height": 190, "weight": 87 }
{"username": "c6", "password": "5e884898da28047151d0e56f8dc6292773603d0d6aabbdd62a11ef721d1542d8", "name": "c6", "email": "c6@gmail.com", "sex": "m", "birthday": "1997-06-19", "height": 190, "weight": 87 }
{"username": "c7", "password": "5e884898da28047151d0e56f8dc6292773603d0d6aabbdd62a11ef721d1542d8", "name": "c7", "email": "c7@gmail.com", "sex": "m", "birthday": "1997-06-19", "height": 190, "weight": 87 }
{"username": "c8", "password": "5e884898da28047151d0e56f8dc6292773603d0d6aabbdd62a11ef721d1542d8", "name": "c8", "email": "c8@gmail.com", "sex": "m", "birthday": "1997-06-19", "height": 190, "weight": 87 }
{"username": "c9", "password": "5e884898da28047151d0e56f8dc6292773603d0d6aabbdd62a11ef721d1542d8", "name": "c9", "email": "c9@gmail.com", "sex": "m", "birthday": "1997-06-19", "height": 190, "weight": 87 }
