{ "username": "pt0", "password": "5e884898da28047151d0e56f8dc6292773603d0d6aabbdd62a11ef721d1542d8", "name": "pt0", "email": "pt0@gmail.com", "birthday": "1998-06-29", "sex": "m", "skill": "cardio", "price": 155.99}
{ "username": "pt1", "password": "5e884898da28047151d0e56f8dc6292773603d0d6aabbdd62a11ef721d1542d8", "name": "pt1", "email": "pt1@gmail.com", "birthday": "1998-06-29", "sex": "m", "skill": "cardio", "price": 155.99}
{ "username": "pt2", "password": "5e884898da28047151d0e56f8dc6292773603d0d6aabbdd62a11ef721d1542d8", "name": "pt2", "email": "pt2@gmail.com", "birthday": "1998-06-29", "sex": "m", "skill": "cardio", "price": 155.99}
{ "username": "pt3", "password": "5e884898da28047151d0e56f8dc6292773603d0d6aabbdd62a11ef721d1542d8", "name": "pt3", "email": "pt3@gmail.com", "birthday": "1998-06-29", "sex": "m", "skill": "cardio", "price": 155.99}
{ "username": "pt4", "password": "5e884898da28047151d0e56f8dc6292773603d0d6aabbdd62a11ef721d1542d8", "name": "pt4", "email": "pt4@gmail.com", "birthday": "1998-06-29", "sex": "m", "skill": "cardio", "price": 155.99}
{ "username": "pt5", "password": "5e884898da28047151d0e56f8dc6292773603d0d6aabbdd62a11ef721d1542d8", "name": "pt5", "email": "pt5@gmail.com", "birthday": "1998-06-29", "sex": "m", "skill": "cardio", "price": 155.99}
{ "username": "pt6", "password": "5e884898da28047151d0e56f8dc6292773603d0d6aabbdd62a11ef721d1542d8", "name": "pt6", "email": "pt6@gmail.com", "birthday": "1998-06-29", "sex": "m", "skill": "cardio", "price": 155.99}
{ "username": "pt7", "password": "5e884898da28047151d0e56f8dc6292773603d0d6aabbdd62a11ef721d1542d8", "name": "pt7", "email": "pt7@gmail.com", "birthday": "1998-06-29", "sex": "m", "skill": "cardio", "price": 155.99}
{ "username": "pt8", "password": "5e884898da28047151d0e56f8dc6292773603d0d6aabbdd62a11ef721d1542d8", "name": "pt8", "email": "pt8@gmail.com", "birthday": "1998-06-29", "sex": "m", "skill": "cardio", "price": 155.99}
{ "username": "pt9", "password": "5e884898da28047151d0e56f8dc6292773603d0d6aabbdd62a11ef721d1542d8", "name": "pt9", "email": "pt9@gmail.com", "birthday": "1998-06-29", "sex": "m", "skill": "cardio", "price": 155.99}
